{
  "config": {
    "backend": "faiss",
    "k": 5,
    "embed_model": "bge-small-en-v1.5",
    "e2e": false,
    "mode": "local"
  },
  "results": {
    "count": 100.0,
    "p50_ms": 74.69109998783097,
    "p95_ms": 208.23940000263974,
    "p99_ms": 214.98640000936575,
    "avg_ms": 85.16150000068592,
    "min_ms": 69.28229998447932,
    "max_ms": 216.53269999660552
  }
}