{
  "config": {
    "backend": "faiss",
    "k": 5,
    "embed_model": "stub-64",
    "e2e": false,
    "mode": "local"
  },
  "results": {
    "count": 100.0,
    "p50_ms": 28.937499999301508,
    "p95_ms": 141.09360001748428,
    "p99_ms": 159.2567999905441,
    "avg_ms": 39.84704799862811,
    "min_ms": 26.355100009823218,
    "max_ms": 261.3306000130251
  }
}