{
  "input": "deploy\\data\\sample_text.pdf",
  "out": "_bench\\index.pdf_text.jsonl",
  "stub": false,
  "counts": {
    "pages": 1,
    "chunks": 20
  },
  "stage_stats": {
    "extract": {
      "count": 5.0,
      "p50_ms": 12.411999981850386,
      "p95_ms": 18.002600001636893,
      "avg_ms": 14.264119992731139,
      "min_ms": 11.471699981484562,
      "max_ms": 18.002600001636893
    },
    "ocr_if_needed": {
      "count": 5.0,
      "p50_ms": 0.011600001016631722,
      "p95_ms": 0.01309998333454132,
      "avg_ms": 0.011119997361674905,
      "min_ms": 0.009000010322779417,
      "max_ms": 0.01309998333454132
    },
    "chunk": {
      "count": 5.0,
      "p50_ms": 0.10199999087490141,
      "p95_ms": 0.1748999929986894,
      "avg_ms": 0.12753999908454716,
      "min_ms": 0.09640000644139946,
      "max_ms": 0.1748999929986894
    },
    "embed": {
      "count": 5.0,
      "p50_ms": 72.19090001308359,
      "p95_ms": 5718.799900001613,
      "avg_ms": 1200.9342200064566,
      "min_ms": 68.52110000909306,
      "max_ms": 5718.799900001613
    },
    "index": {
      "count": 5.0,
      "p50_ms": 18.107799987774342,
      "p95_ms": 18.725200003245845,
      "avg_ms": 18.158660002518445,
      "min_ms": 17.652400012593716,
      "max_ms": 18.725200003245845
    },
    "total": {
      "count": 5.0,
      "p50_ms": 105.81809998257086,
      "p95_ms": 5749.110800010385,
      "avg_ms": 1233.4956599981524,
      "min_ms": 99.052000005031,
      "max_ms": 5749.110800010385
    }
  }
}