{
  "input": "_tmp_demo\\sample.txt",
  "out": "_bench\\index.demo.jsonl",
  "stub": true,
  "counts": {
    "pages": 1,
    "chunks": 1
  },
  "stage_stats": {
    "extract": {
      "count": 10.0,
      "p50_ms": 0.36639999598264694,
      "p95_ms": 0.44430000707507133,
      "avg_ms": 0.3649499994935468,
      "min_ms": 0.23590002092532814,
      "max_ms": 0.44430000707507133
    },
    "ocr_if_needed": {
      "count": 10.0,
      "p50_ms": 0.010799994925037026,
      "p95_ms": 0.015199999324977398,
      "avg_ms": 0.011469994205981493,
      "min_ms": 0.00790000194683671,
      "max_ms": 0.015199999324977398
    },
    "chunk": {
      "count": 10.0,
      "p50_ms": 0.02340000355616212,
      "p95_ms": 0.03470000228844583,
      "avg_ms": 0.02558000269345939,
      "min_ms": 0.020700012100860476,
      "max_ms": 0.03470000228844583
    },
    "embed": {
      "count": 10.0,
      "p50_ms": 22.273800015682355,
      "p95_ms": 10578.06279999204,
      "avg_ms": 1078.0417000001762,
      "min_ms": 19.987999985460192,
      "max_ms": 10578.06279999204
    },
    "index": {
      "count": 10.0,
      "p50_ms": 15.038099983939901,
      "p95_ms": 17.350199981592596,
      "avg_ms": 15.57693000358995,
      "min_ms": 14.472500013653189,
      "max_ms": 17.350199981592596
    },
    "total": {
      "count": 10.0,
      "p50_ms": 37.88290001102723,
      "p95_ms": 10594.034700014163,
      "avg_ms": 1094.0206300001591,
      "min_ms": 35.33579999930225,
      "max_ms": 10594.034700014163
    }
  }
}