{
  "config": {
    "backend": "jsonl",
    "k": 5,
    "embed_model": "bge-small-en-v1.5",
    "e2e": false,
    "mode": "local"
  },
  "results": {
    "count": 100.0,
    "p50_ms": 292.092199990293,
    "p95_ms": 433.7893000047188,
    "p99_ms": 463.23470000061207,
    "avg_ms": 302.71479199873284,
    "min_ms": 236.53909997665323,
    "max_ms": 542.732400004752
  }
}