{
  "config": {
    "backend": "jsonl",
    "k": 5,
    "embed_model": "bge-small-en-v1.5",
    "e2e": false,
    "mode": "local"
  },
  "results": {
    "count": 50.0,
    "p50_ms": 94.74080000654794,
    "p95_ms": 259.95040000998415,
    "p99_ms": 346.0602999839466,
    "avg_ms": 113.44218799902592,
    "min_ms": 84.76130000781268,
    "max_ms": 346.0602999839466
  }
}