{
  "count": 120,
  "ok": 120,
  "error": 0,
  "p50_ms": 183.1175000006624,
  "p90_ms": 373.753529998794,
  "p95_ms": 448.7895499973092,
  "p99_ms": 468.67566199885914,
  "min_ms": 77.46890000271378,
  "max_ms": 937.6658000037423
}
